id,word_en,word_pronunciation,word_parts,word_cn,word_catalog
1,will,wɪl,n.,意志；心愿,态度
2,way,weɪ,n.,方式,态度
3,hate,heɪt,v.,不喜欢；厌恶； 讨厌,态度
4,hope,həʊp,v. & n.,希望,态度
5,truth,truːθ,n.,事实；真相,态度
6,point,pɔint,n.,论点；观点,态度
7,honour,'ɒnə(r),v.,给……荣誉 表彰 n. 荣幸；尊敬,态度
8,doubt,daʊt,n.,疑惑；疑问,态度
9,v.,,,使忧虑、苦恼；劳驾；麻烦,态度
10,relief,rɪˈliːf,n.,轻松；解脱,态度
11,reason,'ri:zn,n.,原因；理由,态度
12,excuse,ɪkˈskjuːz,v.,原谅；宽恕,态度
13,prefer,prɪˈfɜː(r),v.,较喜欢,态度
14,admire,ədˈmaɪə(r),v.,欣赏； 仰慕,态度
15,regret,rɪ'gret,v. & n.,感到遗憾； 懊悔,态度
16,thought,θɔːt,n.,想法,态度
17,willing,'wɪlɪŋ,adj.,乐意的；愿意的,态度
18,silence,'saɪləns,n.,沉默,态度
19,opinion,ə'pɪnjən,n.,看法; 意见,态度
20,forgive,fə'gɪv,v.,原谅；宽恕,态度
21,negative,'negətɪv,adj.,否定的；消极的,态度
22,positive,'pɒzətɪv,adj.,积极乐观的,态度
23,trouble,'trʌbl,n.,苦恼；困难,态度
24,thankful,'θæŋkfl,adj.,感谢的; 感激的,态度
25,thinking,'θɪŋkɪŋ,n.,思考；想法,态度
26,curiosity,ˌkjʊəriˈɒsəti,n.,好奇心；求知欲,态度
27,ambition,æm'bɪʃn,n.,野心 雄心,态度
28,disappoint,ˌdɪsəˈpɔɪnt,v.,使失望,态度
29,disbelief,ˌdɪsbrˈliːf,n.,不信； 怀疑,态度
30,confidence,'kɒnfɪdəns,n.,信心；信任,态度
31,encourage,ɪnˈkʌrɪdʒ,v.,鼓励；激励,态度
32,have to,,,不得不,态度
33,would like,,,愿意，想要,态度
34,believe in,,,信任；信赖,态度
35,tell the truth,,,说实话,态度
